step,mycelium_size,active_tips
0,1,1
1,2,2
2,4,4
3,8,6
4,13,6
5,19,8
6,27,12
7,39,17
8,53,19
9,72,18
10,89,25
11,114,30
12,141,38
13,174,46
14,214,43
15,248,47
16,288,46
17,331,42
18,369,40
19,404,34
20,438,30
21,464,28
22,488,28
23,513,32
24,544,37
25,577,37
26,610,36
27,643,35
28,674,33
29,702,29
30,727,28
31,753,28
32,780,34
33,812,34
34,845,40
35,883,45
36,923,49
37,966,50
38,1010,41
39,1045,40
40,1083,44
41,1123,47
42,1168,50
43,1215,53
44,1264,56
45,1315,65
46,1372,61
47,1427,62
48,1485,61
49,1542,64
50,1600,59
51,1653,61
52,1708,62
53,1763,61
54,1818,53
55,1863,55
56,1912,54
57,1959,51
58,2006,47
59,2050,47
60,2092,56
61,2143,59
62,2196,63
63,2256,55
64,2309,64
65,2362,63
66,2418,65
67,2475,63
68,2531,60
69,2584,53
70,2635,53
71,2686,50
72,2731,48
73,2776,49
74,2819,52
75,2867,54
76,2914,58
77,2966,56
78,3018,64
79,3077,65
