step,sol,hour,temp_c,vitality,water_reserve,mycelium_cells,active_tips,dormant_tips,chelated_iron,sugars,melanin
1,1,1,-63.6,0.00,119.3,0,0,13,0.00,0.00,0.00
2,1,2,-59.6,0.00,118.7,0,0,13,0.00,156.97,0.00
3,1,3,-53.3,0.00,118.0,0,0,13,0.00,460.20,0.00
4,1,4,-45.0,0.00,117.4,0,0,13,0.00,889.04,0.00
5,1,5,-35.4,0.00,116.7,0,0,13,0.00,1414.26,0.00
6,1,6,-25.0,0.00,116.1,0,0,13,0.00,2000.07,0.00
7,1,7,-14.6,0.00,115.4,0,0,13,0.00,2606.54,0.00
8,1,8,-5.0,0.12,114.8,0,0,13,0.00,3192.34,0.00
9,1,9,3.3,0.43,114.1,13,7,0,0.63,3713.87,4.55
10,1,10,9.6,0.68,113.5,20,8,0,1.89,4140.48,7.00
11,1,11,13.6,0.83,112.8,28,8,0,4.14,4441.39,9.80
12,1,12,15.0,0.88,112.2,36,6,0,6.90,4596.43,12.60
13,1,13,13.6,0.83,111.5,42,4,0,9.21,4595.12,14.70
14,1,14,9.6,0.68,110.9,46,2,0,10.66,4594.42,16.10
15,1,15,3.3,0.43,110.2,48,2,0,11.25,4593.88,16.80
16,1,16,-5.0,0.12,109.6,50,0,0,11.63,4593.88,17.50
17,1,17,-14.6,0.00,108.9,50,0,0,11.63,4593.88,17.50
18,1,18,-25.0,0.00,108.3,50,0,0,11.63,4593.88,17.50
19,1,19,-35.4,0.00,107.6,50,0,0,11.63,4593.88,17.50
20,1,20,-45.0,0.00,107.0,50,0,0,11.63,4593.88,17.50
21,1,21,-53.3,0.00,106.3,50,0,0,11.63,4593.88,17.50
22,1,22,-59.6,0.00,105.7,50,0,0,11.63,4593.88,17.50
23,1,23,-63.6,0.00,105.0,50,0,0,11.63,4593.88,17.50
24,2,0,-65.0,0.00,104.4,50,0,0,11.63,4593.88,17.50
25,2,1,-63.6,0.00,103.7,50,0,0,11.63,4593.88,17.50
26,2,2,-59.6,0.00,103.1,50,0,0,11.63,4750.85,17.50
27,2,3,-53.3,0.00,102.4,50,0,0,11.63,5054.08,17.50
28,2,4,-45.0,0.00,101.8,50,0,0,11.63,5482.92,17.50
29,2,5,-35.4,0.00,101.1,50,0,0,11.63,6008.14,17.50
30,2,6,-25.0,0.00,100.5,50,0,0,11.63,6593.95,17.50
31,2,7,-14.6,0.00,99.8,50,0,0,11.63,7200.42,17.50
32,2,8,-5.0,0.12,99.2,50,0,0,11.63,7786.22,17.50
33,2,9,3.3,0.43,98.5,50,0,0,11.63,8311.44,17.50
34,2,10,9.6,0.68,97.9,50,0,0,11.63,8740.28,17.50
35,2,11,13.6,0.83,97.2,50,0,0,11.63,9041.09,17.50
36,2,12,15.0,0.88,96.6,50,0,0,11.63,9190.06,17.50
37,2,13,13.6,0.83,95.9,50,0,0,11.63,9190.06,17.50
38,2,14,9.6,0.68,95.3,50,0,0,11.63,9190.06,17.50
39,2,15,3.3,0.43,94.6,50,0,0,11.63,9190.06,17.50
40,2,16,-5.0,0.12,94.0,50,0,0,11.63,9190.06,17.50
41,2,17,-14.6,0.00,93.3,50,0,0,11.63,9190.06,17.50
42,2,18,-25.0,0.00,92.7,50,0,0,11.63,9190.06,17.50
43,2,19,-35.4,0.00,92.0,50,0,0,11.63,9190.06,17.50
44,2,20,-45.0,0.00,91.4,50,0,0,11.63,9190.06,17.50
45,2,21,-53.3,0.00,90.7,50,0,0,11.63,9190.06,17.50
46,2,22,-59.6,0.00,90.1,50,0,0,11.63,9190.06,17.50
47,2,23,-63.6,0.00,89.4,50,0,0,11.63,9190.06,17.50
48,3,0,-65.0,0.00,88.8,50,0,0,11.63,9190.06,17.50
49,3,1,-63.6,0.00,88.1,50,0,0,11.63,9190.06,17.50
50,3,2,-59.6,0.00,87.5,50,0,0,11.63,9333.70,17.50
51,3,3,-53.3,0.00,86.8,50,0,0,11.63,9596.71,17.50
52,3,4,-45.0,0.00,86.2,50,0,0,11.63,9940.50,17.50
53,3,5,-35.4,0.00,85.5,50,0,0,11.63,10319.70,17.50
54,3,6,-25.0,0.00,84.9,50,0,0,11.63,10694.86,17.50
55,3,7,-14.6,0.00,84.2,50,0,0,11.63,11038.32,17.50
56,3,8,-5.0,0.12,83.6,50,0,0,11.63,11332.60,17.50
57,3,9,3.3,0.43,82.9,50,0,0,11.63,11570.87,17.50
58,3,10,9.6,0.68,82.3,50,0,0,11.63,11748.72,17.50
59,3,11,13.6,0.83,81.6,50,0,0,11.63,11866.21,17.50
60,3,12,15.0,0.88,81.0,50,0,0,11.63,11924.48,17.50
61,3,13,13.6,0.83,80.3,50,0,0,11.63,11924.48,17.50
62,3,14,9.6,0.68,79.7,50,0,0,11.63,11924.48,17.50
63,3,15,3.3,0.43,79.0,50,0,0,11.63,11924.48,17.50
64,3,16,-5.0,0.12,78.4,50,0,0,11.63,11924.48,17.50
65,3,17,-14.6,0.00,77.7,50,0,0,11.63,11924.48,17.50
66,3,18,-25.0,0.00,77.1,50,0,0,11.63,11924.48,17.50
67,3,19,-35.4,0.00,76.4,50,0,0,11.63,11924.48,17.50
68,3,20,-45.0,0.00,75.8,50,0,0,11.63,11924.48,17.50
69,3,21,-53.3,0.00,75.1,50,0,0,11.63,11924.48,17.50
70,3,22,-59.6,0.00,74.5,50,0,0,11.63,11924.48,17.50
71,3,23,-63.6,0.00,73.8,50,0,0,11.63,11924.48,17.50
72,4,0,-65.0,0.00,73.2,50,0,0,11.63,11924.48,17.50
